위도,경도
35.1632605,126.8826943
35.1628921,126.8850707
35.1628921,126.8850707
35.1628921,126.8850707
35.1628921,126.8850707
35.1611949,126.8868141
35.1600941,126.8849688
35.1581162,126.8869107
35.1581162,126.8869107
35.1576337,126.8845718
35.1576337,126.8845718
35.1576337,126.8845718
35.1576337,126.8845718
35.1576995,126.8853443
35.1586162,126.885634
35.1586162,126.885634
35.1586162,126.885634
35.1565417,126.8845503
35.1565417,126.8845503
35.1552128,126.8847274
35.1540505,126.8887453
35.1540505,126.8887453
35.1540505,126.8887453
35.1540505,126.8887453
35.1540505,126.8887453
35.1540505,126.8887453
35.1540505,126.8887453
35.1540505,126.8887453
35.1525855,126.8897377
35.1525855,126.8897377
35.1514101,126.8930637
35.1501381,126.8940883
35.1506732,126.8968188
35.1510855,126.8961804
35.1508486,126.8981813
35.1508486,126.8981813
35.1518092,126.8999569
35.1511206,126.8970333
35.1511206,126.8970333
35.1511206,126.8970333
35.1511206,126.8970333
35.1511206,126.8970333
35.1494363,126.9001179
35.1494363,126.9001179
35.1493179,126.8973284
35.1486775,126.8976771
35.1486775,126.8976771
35.1481862,126.9051551
35.14723,126.9055091
35.1472344,126.9055038
35.1331183,126.8606163
35.1334342,126.8596989
35.133443,126.8598652
35.1327059,126.8577248
35.1320742,126.8568343
35.1320742,126.8568343
35.1320742,126.8568343
35.1320742,126.8568343
35.1320742,126.8568343
35.1320742,126.8568343
